,City,Cloudiness,Country,Humidity,Latitude,Longitude,Max Temperature,Wind Speed
0,Taoudenni,56,ML,15,22.68,-3.98,83.46,15.73
1,Port Alfred,8,ZA,67,-33.59,26.89,72.77,22.41
2,Hermanus,95,ZA,68,-34.42,19.23,68.0,8.99
3,Bredasdorp,35,ZA,46,-34.53,20.04,73.4,14.99
4,Ushuaia,75,AR,84,-54.8,-68.3,35.6,6.93
5,Puerto Escondido,0,MX,79,15.85,-97.07,77.67,5.46
6,Rikitea,100,PF,84,-23.12,-134.97,75.22,16.13
7,Loreto,23,MX,57,22.27,-101.97,51.94,1.97
8,Kapaa,20,US,74,22.08,-159.32,78.8,17.22
9,George Town,20,MY,74,5.41,100.34,87.8,8.05
10,Tuktoyaktuk,99,CA,91,69.45,-133.04,0.63,19.66
11,Saint George,1,US,55,37.1,-113.58,39.2,4.7
12,Fort Frances,1,CA,73,48.6,-93.4,27.0,8.05
13,Nouadhibou,0,MR,60,20.93,-17.03,73.4,4.7
14,Omboué,94,GA,67,-1.57,9.26,85.69,5.12
15,Hobart,40,AU,67,-42.88,147.33,59.0,6.93
16,Sechura,67,PE,85,-5.56,-80.82,61.81,5.12
17,Caravelas,98,BR,74,-17.71,-39.25,78.8,10.4
18,Karratha,0,AU,50,-20.74,116.85,81.19,22.59
19,Dubbo,0,AU,42,-32.25,148.62,67.35,3.87
20,Utete,65,TZ,39,-7.99,38.76,96.71,2.84
21,Nikolskoye,90,RU,80,59.7,30.79,35.01,6.71
22,Ambon City,45,ID,76,-3.7,128.18,88.0,4.03
23,Talnakh,0,RU,74,69.49,88.4,-25.6,4.47
24,Mar del Plata,90,AR,100,-38.0,-57.56,64.0,9.84
25,Vila Franca do Campo,75,PT,88,37.72,-25.43,66.2,13.87
26,Takoradze,26,GH,70,4.88,-1.76,84.42,5.44
27,Ribeira Grande,75,PT,93,38.52,-28.7,66.2,20.8
28,Areia Branca,12,BR,67,-4.96,-37.14,81.79,17.65
29,Navrongo,4,GH,14,10.9,-1.09,90.86,13.91
30,Vaini,20,TO,88,-21.2,-175.2,75.2,4.7
31,Laguna,14,US,93,38.42,-121.42,50.0,4.7
32,Dikson,100,RU,97,73.51,80.55,14.23,26.62
33,Cândido Mendes,99,BR,81,-1.45,-45.72,79.52,4.94
34,Vardø,5,NO,78,70.37,31.11,41.58,32.77
35,Puerto Ayora,87,EC,85,-0.74,-90.35,69.01,7.0
36,Punta Arenas,75,CL,86,-53.15,-70.92,37.4,13.87
37,Três de Maio,0,BR,62,-27.77,-54.24,70.81,5.88
38,Ilulissat,98,GL,72,69.22,-51.1,17.6,11.41
39,Cham,0,CH,87,47.18,8.46,52.0,0.29
40,Voznesenskaya,85,RU,38,44.55,41.03,55.02,5.19
41,Fairbanks,90,US,92,64.84,-147.72,15.8,1.12
42,Chui,2,UY,91,-33.7,-53.46,64.81,2.37
43,Vila Velha,75,BR,83,-20.33,-40.29,75.2,11.41
44,Port Hardy,75,CA,93,50.7,-127.42,44.6,8.05
45,Thompson,90,CA,92,55.74,-97.86,17.6,3.36
46,Severo-Kuril'sk,100,RU,92,50.68,156.12,44.91,24.27
47,Upernavik,100,GL,96,72.79,-56.15,15.69,13.49
48,Cabo San Lucas,14,MX,75,22.89,-109.91,70.0,1.01
49,San Patricio,40,US,100,28.02,-97.52,75.0,6.93
50,Bayevo,43,RU,83,53.28,80.77,29.64,4.72
51,Makakilo City,1,US,83,21.35,-158.09,77.0,4.7
52,Shenjiamen,2,CN,76,29.96,122.3,64.53,13.4
53,Hay River,99,CA,78,60.82,-115.8,10.4,9.17
54,Mahébourg,75,MU,94,-20.41,57.7,75.2,4.7
55,Mahanoro,60,MG,76,-19.9,48.8,74.26,9.71
56,Kinangan,40,PH,70,6.3,125.58,86.0,3.36
57,Mehamn,3,NO,74,71.04,27.85,39.42,28.63
58,Eugene,90,US,87,44.05,-123.09,43.0,8.05
59,Bereda,98,ES,69,43.27,-7.54,60.01,15.99
60,Yinchuan,77,CN,49,38.47,106.27,56.17,6.85
61,Katsuura,0,JP,67,35.13,140.3,62.01,11.41
62,Neuquén,0,AR,50,-38.95,-68.06,51.8,6.93
63,Idrinskoye,99,RU,93,54.37,92.14,17.64,1.77
64,San Quintín,0,MX,30,30.48,-115.95,42.01,4.0
65,Vestmannaeyjar,7,IS,80,63.44,-20.27,36.23,19.6
66,Végueta,57,PE,86,-11.02,-77.64,61.25,5.84
67,Chokurdakh,58,RU,89,70.63,147.92,-17.63,4.03
68,Saskylakh,79,RU,89,71.92,114.08,-8.75,3.62
69,Mitsamiouli,100,KM,77,-11.38,43.28,80.1,11.61
70,Nome,1,US,52,64.5,-165.41,19.4,8.05
71,Hilo,90,US,83,19.73,-155.09,71.6,10.29
72,Mataura,100,NZ,86,-46.19,168.86,57.99,1.99
73,Qazvin,20,IR,53,36.28,50.0,51.8,2.24
74,Dingle,30,PH,88,11.0,122.67,79.47,7.0
75,Clovis,75,US,66,36.83,-119.7,59.0,8.05
76,New Norfolk,83,AU,53,-42.78,147.06,57.99,1.01
77,Teahupoo,0,PF,69,-17.83,-149.27,78.8,8.05
78,Mechanicsville,90,US,87,37.61,-77.37,44.01,2.13
79,Rovaniemi,90,FI,100,66.5,25.72,33.8,10.29
80,Bluff,100,NZ,86,-46.6,168.33,57.99,1.99
81,San Joaquin,1,US,87,37.93,-121.3,51.01,1.48
82,São Filipe,13,CV,57,14.9,-24.5,82.62,2.84
83,Hong Kong,100,HK,62,22.29,114.16,72.0,10.0
84,Sol'vychegodsk,96,RU,96,61.33,46.92,25.75,5.28
85,Plettenberg Bay,65,ZA,65,-34.05,23.37,67.46,12.93
86,Ixtapa,97,MX,89,20.7,-105.2,72.0,2.15
87,Cap Malheureux,24,MU,67,-19.98,57.61,82.0,8.01
88,Fort Nelson,90,CA,85,58.81,-122.7,14.0,1.03
89,Port Montt,40,CL,100,-41.47,-72.94,44.6,3.36
90,Kaeo,13,NZ,78,-35.1,173.78,59.0,1.01
91,Cayenne,75,GF,100,4.93,-52.33,77.0,2.24
92,Atuona,32,PF,75,-9.8,-139.03,77.41,13.8
93,Abu Dhabi,0,AE,38,24.47,54.37,89.6,10.29
94,Kaiyuan,0,CN,52,23.7,103.3,61.77,2.86
95,Shreveport,90,US,68,32.53,-93.75,64.4,5.82
96,Quatis,100,BR,88,-22.41,-44.26,71.28,1.1
97,Avarua,76,CK,88,-21.21,-159.78,71.6,2.24
98,Cape Town,75,ZA,52,-33.93,18.42,69.01,14.99
99,São Félix do Xingu,78,BR,87,-6.64,-51.99,74.21,0.47
100,Zhaotong,54,CN,63,27.32,103.72,58.82,1.3
101,Saint Paul Harbor,1,US,68,57.79,-152.41,28.4,4.7
102,Pa Sang,20,TH,45,18.53,98.94,87.8,5.82
103,Geraldton,75,AU,82,-28.77,114.6,64.4,14.99
104,Muros,100,ES,85,42.78,-9.06,62.01,23.0
105,Butaritari,0,KI,64,3.07,172.79,81.75,5.06
106,Roald,20,NO,66,62.58,6.13,50.0,12.75
107,Eureka,0,US,95,40.8,-124.16,42.01,5.97
108,Emirdağ,82,TR,49,39.02,31.15,51.15,5.5
109,Río Gallegos,0,AR,74,-51.62,-69.22,37.4,14.99
110,Padang,97,ID,74,-0.95,100.35,83.34,2.08
111,Rantepao,88,ID,87,-2.97,119.9,71.62,0.36
112,Hithadhoo,100,MV,78,-0.6,73.08,82.94,22.48
113,Mnogovershinnyy,98,RU,97,53.94,139.92,23.14,5.84
114,Fernley,57,US,56,39.61,-119.25,41.0,4.85
115,Doha,20,QA,48,25.29,51.53,89.01,18.34
116,Pueblo,1,US,20,38.25,-104.61,51.8,21.92
117,Maceió,20,BR,100,-9.67,-35.74,73.4,2.24
118,Tymovskoye,42,RU,96,50.85,142.66,25.7,1.21
119,Barrow,90,US,73,71.29,-156.79,19.4,17.22
120,Kholm,91,RU,83,59.27,32.85,38.26,6.96
121,Kankaanpää,90,FI,86,61.8,22.42,41.0,11.41
122,Kiryat Gat,0,IL,50,31.61,34.76,79.0,3.18
123,Carnarvon,3,AU,47,-24.87,113.63,75.2,17.22
124,Guarapari,75,BR,83,-20.67,-40.5,75.2,11.41
125,Tegul'det,97,RU,96,57.31,88.17,22.46,4.0
126,Meulaboh,91,ID,78,4.14,96.13,81.54,4.74
127,Busselton,45,AU,64,-33.65,115.33,60.01,3.0
128,Ionia,1,US,92,42.99,-85.07,28.0,4.7
129,Saint-Paul,90,RE,51,-21.01,55.27,84.2,9.17
130,Tulum,31,MX,96,20.22,-87.47,73.54,4.5
131,Bethel,75,US,86,41.37,-73.41,37.99,7.58
132,Maţāy,0,EG,38,28.42,30.78,79.48,15.88
133,Winchester,100,GB,93,51.07,-1.32,57.0,20.8
134,Kaitangata,100,NZ,54,-46.28,169.85,63.0,0.89
135,Thinadhoo,100,MV,76,0.53,72.93,82.51,15.46
136,Qaanaaq,92,GL,84,77.48,-69.36,2.34,6.26
137,Ahipara,0,NZ,78,-35.17,173.17,56.39,1.68
138,Dosso,0,NE,17,13.05,3.19,90.23,15.57
139,Boquira,32,BR,69,-12.82,-42.73,73.53,4.29
140,Brownsville,20,US,94,25.9,-97.5,73.99,3.36
141,Mulegé,0,MX,73,26.88,-111.98,58.98,2.3
142,Dzaoudzi,100,YT,88,-12.79,45.27,78.8,5.82
143,Ishigaki,40,JP,73,24.34,124.16,75.2,16.11
144,Suntar,100,RU,96,62.14,117.63,15.06,7.61
145,Polyarny,75,RU,88,69.2,33.45,37.4,4.47
146,Örnsköldsvik,100,SE,100,63.29,18.72,42.8,11.41
147,Dhārchula,52,IN,22,29.85,80.53,71.74,5.3
148,Torbat-e Jām,0,IR,40,35.24,60.62,51.01,9.44
149,Portland,90,US,81,45.52,-122.68,42.8,4.7
150,Buraidah,0,SA,53,26.33,43.98,71.6,10.29
151,Constitución,36,CL,79,-35.33,-72.42,50.81,6.82
152,Sorong,65,ID,73,-0.88,131.25,83.77,2.93
153,Sitka,90,US,86,57.05,-135.33,37.4,5.82
154,Bathsheba,40,BB,94,13.22,-59.52,77.0,10.29
155,Nur-Sultan,90,KZ,92,51.18,71.45,24.8,20.13
156,Ternate,78,ID,71,0.8,127.4,83.34,2.21
157,Luba,92,GQ,76,3.46,8.55,82.22,9.19
158,Sinnai,0,IT,82,39.3,9.2,66.2,2.24
159,Lebu,3,CL,85,-37.62,-73.65,45.77,8.43
160,Isangel,14,VU,80,-19.55,169.27,76.59,5.32
161,Seoul,40,KR,50,37.57,126.98,57.2,2.13
162,Arinos,99,BR,86,-15.92,-46.11,73.9,1.54
163,Pevek,100,RU,94,69.7,170.31,-0.38,8.75
164,Yellowknife,90,CA,77,62.46,-114.35,-2.2,4.7
165,Albany,54,US,69,42.6,-73.97,44.01,8.1
166,Port Elizabeth,11,ZA,52,-33.92,25.57,75.99,8.99
167,Airai,9,TL,85,-8.93,125.41,67.6,1.59
168,Le Port,90,RE,51,-20.94,55.29,84.2,9.17
169,Acapulco de Juárez,8,MX,81,16.86,-99.89,77.0,4.38
170,Iqaluit,90,CA,72,63.75,-68.51,15.8,2.24
171,Basco,100,PH,81,20.45,121.97,78.49,29.64
172,Volzhskiy,90,RU,100,48.79,44.78,28.62,8.95
173,Arman',100,RU,95,59.7,150.17,18.03,11.25
174,Markova,0,UA,66,48.68,24.41,50.0,4.72
175,Baton Rouge,1,US,93,30.45,-91.15,57.99,3.36
176,Totness,100,SR,88,5.88,-56.32,77.18,9.01
177,Halle,0,DE,82,51.5,12.0,61.0,9.17
178,Leningradskiy,46,RU,88,69.38,178.42,5.58,7.74
179,Wilmington,90,US,93,34.23,-77.94,57.2,5.82
180,Toyooka,20,JP,71,35.53,134.83,53.6,1.12
181,Motupe,90,PE,89,-6.15,-79.71,62.01,2.08
182,Kangaba,0,ML,18,11.93,-8.42,84.33,7.27
183,Zlobin,75,HR,67,45.29,14.65,60.01,2.24
184,Half Moon Bay,1,US,100,37.46,-122.43,50.0,7.67
185,Belturbet,99,IE,90,54.1,-7.45,51.01,5.99
186,Black Forest,1,US,22,39.01,-104.7,46.4,38.03
187,Arraial do Cabo,90,BR,88,-22.97,-42.03,77.0,2.24
188,Sept-Îles,100,CA,94,50.2,-66.38,33.8,8.05
189,Jamestown,90,US,74,42.1,-79.24,37.99,10.29
190,Beloha,0,MG,37,-25.17,45.05,81.73,16.42
191,Tasiilaq,90,GL,67,65.61,-37.64,23.0,3.36
192,Vao,0,NC,85,-22.67,167.48,74.98,9.17
193,Klaksvík,0,FO,81,62.23,-6.59,44.6,16.11
194,Lashio,11,MM,70,22.93,97.75,74.3,1.61
195,Birao,0,CF,14,10.28,22.79,91.31,9.46
196,Alice Springs,62,AU,6,-23.7,133.88,105.8,9.17
197,Bubaque,0,GW,58,11.28,-15.83,82.63,8.72
198,Salinópolis,100,BR,80,-0.61,-47.36,80.98,11.12
199,Hūn,0,LY,50,29.13,15.95,68.83,4.23
200,East London,0,ZA,67,-33.02,27.91,74.12,18.84
201,Rūdbār,90,AF,38,30.15,62.6,59.72,15.73
202,Kahului,1,US,69,20.89,-156.47,75.2,6.93
203,Rocha,99,UY,92,-34.48,-54.33,63.39,4.47
204,Camacha,20,PT,88,33.08,-16.33,69.8,11.41
205,Nemuro,75,JP,73,43.32,145.57,41.0,5.82
206,Clarence Town,0,AU,88,-32.58,151.78,68.0,5.82
207,Odienné,0,CI,25,9.51,-7.57,83.25,5.48
208,Marfino,75,RU,78,55.7,37.38,37.0,6.71
209,Avera,1,US,100,33.19,-82.53,50.0,3.36
210,Ulladulla,9,AU,88,-35.35,150.47,64.99,5.82
211,Mahabalipuram,40,IN,62,12.63,80.17,87.8,9.17
212,Santa Maria,75,BR,100,-29.68,-53.81,66.2,5.82
213,Fortuna,90,US,100,40.6,-124.16,44.6,4.7
214,Tibati,86,CM,30,6.47,12.63,88.14,5.64
215,Tura,0,IN,74,25.52,90.22,77.36,2.59
216,Harper,3,LR,73,4.38,-7.72,83.19,5.12
217,Lakatoro,40,VU,88,-16.1,167.42,80.6,7.87
218,Bannu,100,PK,47,32.99,70.6,66.2,8.55
219,Ponta Delgada,75,PT,93,37.73,-25.67,66.2,11.41
220,Bayeux,20,BR,94,-7.12,-34.93,77.0,8.05
221,Richards Bay,0,ZA,48,-28.78,32.04,85.62,15.1
222,Berlevåg,2,NO,78,70.86,29.09,40.06,37.24
223,Havøysund,0,NO,65,71.0,24.66,41.0,25.28
224,Namatanai,18,PG,77,-3.67,152.43,81.68,11.27
225,Bestöbe,100,KZ,84,52.5,73.1,28.45,12.21
226,Bonavista,100,CA,80,48.65,-53.11,37.0,3.36
227,Houma,1,US,93,29.6,-90.72,60.01,5.23
228,Margate,99,GB,85,51.38,1.39,57.99,4.0
229,Beya,58,RU,81,53.05,90.91,23.63,2.62
230,Yetkul',75,RU,78,54.82,61.59,15.8,13.42
231,Okha,80,RU,95,53.57,142.95,27.79,6.8
232,Balakovo,93,RU,90,52.03,47.8,33.26,7.4
233,Lithakia,40,GR,77,37.72,20.83,64.4,4.7
234,Makat,100,KZ,89,47.65,53.35,33.87,13.42
235,Jiazi,100,CN,85,22.88,116.07,67.66,18.16
236,Yulara,4,AU,6,-25.24,130.99,105.8,17.22
237,Cherskiy,64,RU,86,68.75,161.3,-9.98,6.91
238,Sokoni,75,TZ,70,-6.43,39.55,84.2,3.36
239,Idritsa,89,RU,90,56.33,28.9,33.55,6.89
240,Lewistown,1,US,89,40.6,-77.57,41.0,6.93
241,Wukari,100,NG,33,7.85,9.78,92.91,3.67
242,Gigmoto,96,PH,84,13.78,124.39,81.59,10.49
243,Manali,40,IN,62,13.17,80.27,87.8,9.17
244,Yeppoon,4,AU,62,-23.13,150.73,84.2,10.29
245,Nanortalik,66,GL,86,60.14,-45.24,25.81,14.74
246,Meadow Lake,1,US,55,34.8,-106.54,39.0,8.05
247,Coquimbo,4,CL,82,-29.95,-71.34,55.4,5.82
248,Lebanon,1,US,100,36.21,-86.29,39.99,4.76
249,São José da Coroa Grande,79,BR,76,-8.9,-35.15,80.24,9.53
250,Saint-Augustin,99,CA,85,51.23,-58.65,33.53,8.81
251,Pirojpur,0,BD,54,22.57,89.98,84.54,6.96
252,Vieques,20,PR,94,18.43,-65.83,75.2,10.09
253,Kangaatsiaq,100,GL,86,68.31,-53.46,22.71,5.86
254,Norman Wells,20,CA,74,65.28,-126.83,-22.0,2.24
255,Kerema,87,PG,84,-7.96,145.78,79.07,6.69
256,Halifax,100,CA,100,44.65,-63.57,39.99,8.05
257,Lüderitz,61,NA,59,-26.65,15.16,68.49,14.38
258,Sørland,100,NO,80,67.67,12.69,46.35,26.19
259,Grand-Lahou,12,CI,66,5.14,-5.02,85.75,2.08
260,Wanning,100,CN,90,18.8,110.4,75.9,22.12
261,Tuatapere,100,NZ,86,-46.13,167.68,57.99,1.99
262,Cidreira,13,BR,88,-30.18,-50.21,70.2,10.74
263,Coahuayana Viejo,20,MX,88,18.73,-103.68,72.54,2.1
264,Christchurch,100,NZ,58,-43.53,172.63,59.0,3.36
265,Srīvardhan,12,IN,57,18.03,73.02,87.98,7.9
266,Kutum,13,SD,16,14.2,24.67,79.25,14.61
267,Aksu,48,CN,34,41.12,80.26,51.64,2.19
268,Krasnoarmeysk,97,RU,100,51.02,45.7,35.76,12.17
269,Collie,25,AU,68,-33.37,116.15,57.99,5.01
270,Leh,100,IN,48,34.17,77.58,40.71,6.85
271,Campos Altos,69,BR,91,-19.7,-46.17,66.16,1.77
272,Lompoc,40,US,93,34.64,-120.46,51.8,3.36
273,Lagoa,96,PT,92,39.05,-27.98,66.43,17.4
274,Aripuanã,94,BR,94,-9.17,-60.63,72.0,1.97
275,Bambous Virieux,75,MU,94,-20.34,57.76,82.0,4.7
276,Plover,40,US,79,44.46,-89.54,24.01,4.7
277,Tautira,0,PF,69,-17.73,-149.15,78.8,8.05
278,Kroya,67,ID,85,-7.63,109.25,72.0,9.31
279,Tessalit,0,ML,14,20.2,1.01,83.1,15.23
280,Mount Gambier,71,AU,76,-37.83,140.77,57.2,8.05
281,Dunedin,100,NZ,56,-45.87,170.5,63.0,1.01
282,Lavrentiya,55,RU,93,65.58,-171.0,23.61,16.15
283,Havelock,90,US,100,34.88,-76.9,57.0,5.26
284,Bengkulu,100,ID,82,-3.8,102.27,82.89,3.33
285,Ossora,88,RU,95,59.24,163.07,22.59,4.76
286,Lagoa Formosa,100,BR,100,-18.78,-46.41,66.99,3.49
287,Pasvalys,90,LT,100,56.06,24.4,37.4,3.36
288,Viseu,90,PT,95,40.66,-7.91,53.01,1.83
289,Tutóia,39,BR,70,-2.76,-42.27,82.26,14.9
290,Narsaq,29,GL,61,60.92,-46.05,14.0,4.7
291,Makiyivka,32,UA,61,48.05,37.93,41.81,7.31
292,Rio Grande,11,BR,98,-32.03,-52.1,66.0,9.44
293,Castro,60,BR,91,-24.79,-50.01,64.33,3.65
294,Hasaki,0,JP,71,35.73,140.83,53.6,6.93
295,San Jerónimo,14,PE,75,-11.95,-75.28,45.5,1.61
296,Kindu,94,CD,46,-2.95,25.95,89.29,2.73
297,Fort-Shevchenko,0,KZ,63,44.51,50.26,43.48,6.76
298,Rome,90,US,82,43.21,-75.46,39.99,6.93
299,Daru,20,PG,81,-9.08,143.21,77.32,11.1
300,Babag,45,PH,85,7.73,126.07,77.0,4.14
301,Fare,100,PF,79,-16.7,-151.02,79.72,9.33
302,Atasū,100,KZ,93,48.68,71.64,26.64,17.94
303,Zhob,100,PK,40,31.34,69.45,61.88,26.62
304,Dulce Nombre de Culmí,20,HN,100,15.1,-85.53,68.0,2.64
305,Darhan,2,MN,87,49.49,105.92,28.17,4.74
306,Abu Samrah,96,SY,35,35.3,37.18,70.16,2.44
307,Cuitzeo (La Estancia),5,MX,71,20.33,-102.78,62.01,2.59
308,Mackay,8,AU,78,-21.15,149.2,78.8,12.75
309,Conceição do Araguaia,80,BR,78,-8.26,-49.26,78.03,0.63
310,Kavieng,3,PG,78,-2.57,150.8,83.57,14.81
311,Labuan,40,MY,74,5.28,115.24,86.0,6.93
312,Royal Tunbridge Wells,93,GB,92,51.13,0.26,57.99,1.99
313,Saldanha,100,ZA,49,-33.01,17.94,69.8,4.7
314,Ayan,100,RU,97,56.45,138.17,25.16,9.73
315,Praia da Vitória,40,PT,82,38.73,-27.07,66.2,7.02
316,Yelizovo,90,RU,100,53.19,158.38,33.8,6.71
317,Saint-Philippe,90,RE,88,-21.36,55.77,73.4,5.82
318,Ostrovnoy,100,RU,90,68.05,39.51,35.87,13.53
319,Bonthe,1,SL,67,7.53,-12.51,84.99,3.04
320,Thunder Bay,5,CA,92,48.4,-89.32,14.0,3.36
321,Quesnel,90,CA,100,53.0,-122.5,28.4,3.36
322,Dalbandin,99,PK,74,28.89,64.41,58.23,3.09
323,Iskateley,99,RU,96,67.68,53.15,18.73,15.95
324,Lethem,100,GY,88,3.38,-59.8,76.06,6.4
325,Ust-Nera,94,RU,79,64.57,143.2,-15.77,1.25
326,Saravan,5,AM,46,39.72,45.65,53.6,4.7
327,Bagdarin,0,RU,87,54.43,113.6,15.89,4.14
328,Touros,75,BR,94,-5.2,-35.46,75.2,3.36
329,Rabo de Peixe,75,PT,93,37.8,-25.58,66.2,11.41
330,Ancud,40,CL,87,-41.87,-73.82,46.4,8.05
331,Khatanga,100,RU,89,71.97,102.5,-14.03,11.9
332,San Andrés,40,CO,83,12.58,-81.7,82.4,9.17
333,Moose Factory,90,CA,85,51.26,-80.61,21.2,5.82
334,Tiksi,91,RU,92,71.69,128.87,-8.28,2.53
335,Siuna,1,NI,94,13.73,-84.78,69.28,2.86
336,Biograd na Moru,0,HR,82,43.94,15.45,62.01,4.7
337,Yumen,0,CN,54,40.28,97.2,44.58,15.55
338,Ponta do Sol,75,PT,88,32.67,-17.1,71.6,14.99
339,Manyana,76,BW,27,-23.4,21.72,87.82,6.98
340,Yar-Sale,24,RU,91,66.83,70.83,-2.96,7.92
341,Kokstad,0,ZA,22,-30.55,29.42,87.6,5.7
342,Naze,20,JP,78,28.37,129.48,75.2,18.34
343,Muli,100,MV,75,2.92,73.57,83.34,9.19
344,Sumkino,100,RU,95,58.11,68.32,16.77,10.98
345,Husavik,20,IS,96,66.04,-17.34,35.6,20.8
346,Itarema,42,BR,70,-2.92,-39.92,82.56,17.67
347,Morgan City,1,US,93,29.7,-91.21,60.8,4.7
348,Longyearbyen,75,SJ,87,78.22,15.64,37.4,18.34
349,Soria,100,ES,97,41.67,-2.67,41.0,4.07
350,Lyubytino,93,RU,79,58.81,33.39,38.41,8.32
351,Tomaszów Mazowiecki,86,PL,10,51.53,20.01,46.99,55.99
352,Kilindoni,51,TZ,70,-7.91,39.67,81.97,4.79
353,La Cruz,71,MX,83,23.92,-106.9,62.01,4.52
354,Skibbereen,90,IE,93,51.55,-9.27,51.8,23.04
355,Lixouri,20,GR,82,38.2,20.43,68.0,5.82
356,Loa Janan,92,ID,73,-0.58,117.09,81.34,3.8
357,Buala,8,SB,76,-8.14,159.59,82.02,5.59
358,Yagodnoye,98,RU,79,62.55,149.67,-8.9,1.74
359,Alofi,65,NU,88,-19.06,-169.92,75.2,8.05
360,Berbera,0,SO,50,10.44,45.01,84.29,12.53
361,Dalby,0,AU,19,-27.18,151.27,82.0,10.6
362,Sioux Lookout,90,CA,79,50.1,-91.92,26.6,10.29
363,Pimentel,73,PE,92,-6.84,-79.93,60.91,5.79
364,Nioro,0,GM,19,13.35,-15.75,84.0,9.15
365,Palmer,90,US,100,42.16,-72.33,37.0,3.56
366,Mutoko,1,ZW,28,-17.4,32.23,86.65,3.42
367,Nuevo Progreso,31,MX,96,23.17,-97.95,69.01,6.15
368,Kununurra,0,AU,49,-15.77,128.73,93.2,16.11
369,Florianópolis,0,BR,94,-27.61,-48.5,75.0,1.12
370,Kamenka,86,RU,79,51.32,42.77,37.63,4.5
371,Manggar,52,ID,71,-2.88,108.27,84.92,5.77
372,Nísia Floresta,75,BR,94,-6.09,-35.21,75.2,3.36
373,Jinka,10,ET,46,5.65,36.65,80.22,1.59
374,Bodden Town,10,KY,89,19.28,-81.25,81.0,10.0
375,Kalmunai,95,LK,76,7.42,81.82,83.48,10.22
376,Port Hawkesbury,90,CA,100,45.62,-61.35,42.01,9.17
377,Holme,100,DK,100,56.11,10.17,45.0,2.24
378,Baghlan,100,AF,88,36.13,68.71,35.51,0.98
379,Hervey Bay,0,AU,79,-25.3,152.85,78.01,4.0
380,Hobyo,57,SO,61,5.35,48.53,83.73,13.33
381,Kabare,13,CD,70,-2.47,28.82,74.52,2.21
382,Nicoya,0,CR,91,10.15,-85.45,72.43,2.06
383,São João da Barra,0,BR,94,-21.64,-41.05,75.2,2.24
384,Walvis Bay,9,NA,60,-22.96,14.51,68.0,2.24
385,Bam,94,IR,55,29.11,58.36,55.62,11.72
386,Pangnirtung,60,CA,81,66.15,-65.71,7.56,4.16
387,Guerrero Negro,0,MX,76,27.98,-114.06,62.69,13.29
388,Torbay,90,CA,69,47.67,-52.73,37.99,16.11
389,Acajutla,2,SV,100,13.59,-89.83,68.0,7.38
390,Coyhaique,90,CL,75,-45.58,-72.07,44.6,6.93
391,Kudahuvadhoo,100,MV,77,2.67,72.89,82.72,11.97
392,Takaungu,40,KE,66,-3.68,39.86,86.0,9.17
393,Vestmanna,30,FO,81,62.16,-7.17,44.6,16.11
394,Horizontina,0,BR,65,-27.63,-54.31,69.69,4.36
395,Berezovyy,100,RU,91,51.67,135.7,26.71,5.53
396,Pryluky,100,UA,76,50.59,32.39,37.71,7.29
397,Vanimo,99,PG,77,-2.67,141.3,81.59,4.81
398,Neiafu,34,TO,80,-18.65,-173.98,77.81,17.34
399,Vuktyl,75,RU,93,63.86,57.31,10.87,3.04
400,Zhigansk,85,RU,95,66.77,123.37,6.85,9.04
401,Garden City,1,US,79,42.33,-83.33,28.0,3.36
402,Tual,26,ID,74,-5.67,132.75,84.61,11.77
403,Mossamedes,40,AO,69,-15.2,12.15,77.0,5.82
404,Gao,0,ML,14,16.64,1.64,84.58,18.54
405,Salinas,90,US,93,36.68,-121.66,55.4,1.25
406,Ulaanbaatar,75,MN,63,47.91,106.88,28.4,4.47
407,Marsá Maţrūḩ,75,EG,64,31.35,27.25,69.8,11.41
408,Bibiani,50,GH,54,6.46,-2.32,88.77,0.94
409,Kidal,0,ML,14,18.44,1.41,83.41,20.07
410,Xingyi,0,CN,64,24.19,102.82,55.63,4.14
411,Korla,90,CN,39,41.76,86.15,51.44,4.52
412,Mangochi,23,MW,42,-14.48,35.26,86.97,6.62
413,Haines Junction,100,CA,92,60.75,-137.51,14.0,0.65
414,Petropavlovsk-Kamchatskiy,90,RU,100,53.05,158.65,33.8,6.71
415,Stornoway,75,GB,93,58.21,-6.39,50.0,23.04
416,Ormara,0,PK,45,25.21,64.64,80.69,14.67
417,Kloulklubed,75,PW,88,7.04,134.26,80.6,3.36
418,Provideniya,1,RU,90,64.38,-173.3,19.54,7.94
419,Ondjiva,100,AO,60,-17.07,15.73,75.02,3.47
420,Pacific Grove,40,US,93,36.62,-121.92,54.0,3.36
421,Ozernovskiy,100,RU,90,51.5,156.52,43.47,13.29
422,Cabedelo,20,BR,94,-6.98,-34.83,77.0,8.05
423,Codrington,47,AU,84,-38.27,141.97,51.01,3.0
424,Finnsnes,0,NO,85,69.23,17.98,24.8,24.16
425,Bhabhua,0,IN,36,25.05,83.62,86.22,2.66
426,Kavaratti,54,IN,74,10.57,72.64,82.87,7.47
427,Lima,90,PE,82,-12.04,-77.03,64.4,8.05
428,Anchorage,90,US,86,61.22,-149.9,28.99,3.36
429,Marsaxlokk,20,MT,60,35.84,14.54,71.6,6.93
430,Olafsvik,42,IS,88,64.89,-23.71,32.88,10.38
431,Weiser,1,US,69,44.25,-116.97,35.6,5.82
432,Comarapa,46,BO,96,-17.9,-64.48,58.57,2.89
433,Caucayá,100,CO,91,-0.19,-74.78,70.99,2.24
434,Adrar,23,MR,15,20.5,-10.07,82.13,15.5
435,Santa Fe,98,AR,85,-31.63,-60.7,69.01,1.99
436,Adeje,40,ES,73,28.12,-16.73,75.0,9.17
437,Maxixe,20,MZ,54,-23.86,35.35,82.4,4.7
438,Khvoynaya,84,RU,93,58.9,34.53,36.05,6.15
439,Oyama,20,JP,76,36.3,139.8,66.99,1.12
440,Gaza,20,PS,36,31.5,34.47,80.6,2.24
441,Nador,20,MA,82,35.17,-2.93,68.0,2.24
442,Kargasok,71,RU,97,59.06,80.86,18.12,5.3
443,Zamora,99,EC,55,-4.07,-78.96,67.05,4.0
444,Bahía Blanca,93,AR,70,-38.72,-62.27,62.83,11.14
445,Antofagasta,90,CL,67,-23.65,-70.4,60.8,5.82
446,Rothrist,26,CH,85,47.31,7.89,52.0,1.99
447,Upata,100,VE,94,8.01,-62.4,75.99,2.37
448,Yenagoa,24,NG,65,4.92,6.26,87.8,3.51
449,Tim,90,RU,92,51.62,37.12,30.2,11.18
450,Sydney,20,AU,77,-33.87,151.21,69.01,9.17
451,Oranjemund,94,NA,72,-28.55,16.43,64.62,7.99
452,Am Timan,31,TD,16,11.03,20.28,93.09,8.19
453,Flin Flon,100,CA,98,54.77,-101.86,21.31,3.51
454,Katangli,15,RU,95,51.71,143.23,27.95,8.1
455,Alghero,0,IT,88,40.56,8.32,66.99,2.24
456,Broome,1,US,74,42.25,-75.83,36.0,8.05
457,Visnes,40,NO,76,59.36,5.22,51.01,16.11
458,Yichun,0,CN,88,47.7,128.9,28.63,3.96
459,Liepāja,89,LV,93,56.54,21.04,41.0,9.17
460,Whitehorse,90,CA,78,60.72,-135.05,17.6,5.82
461,Tupik,26,RU,89,54.43,119.93,16.18,4.97
462,Peniche,59,PT,87,39.36,-9.38,66.0,10.0
463,Marzuq,1,YE,15,14.4,46.47,82.78,11.54
464,Hambantota,56,LK,75,6.12,81.12,84.97,10.89
465,Porto-Novo,40,BJ,79,6.5,2.6,86.0,3.36
466,Esperance,40,AU,53,-33.87,121.9,71.6,14.99
467,Kawalu,100,ID,86,-7.38,108.21,78.44,3.85
468,Atambua,0,ID,68,-9.11,124.89,80.04,1.14
469,De-Kastri,98,RU,92,51.47,140.78,29.32,3.2
470,Arrondissement de Verdun,97,FR,82,49.25,5.33,57.0,4.0
471,Olinda,75,BR,78,-8.01,-34.86,80.6,10.29
472,Grand Bend,90,CA,74,43.32,-81.75,36.0,7.0
473,Lálas,20,GR,63,37.72,21.72,66.2,3.98
474,Lorengau,97,PG,75,-2.02,147.27,83.5,10.42
475,Aginskoye,62,RU,92,51.1,114.53,27.05,9.91
476,Severnoye,100,RU,98,56.35,78.36,24.04,5.23
477,Myitkyina,0,MM,61,25.38,97.4,78.39,1.25
478,Aykhal,90,RU,84,66.0,111.5,-0.4,4.47
479,Rumoi,63,JP,71,43.93,141.64,40.15,6.62
480,Black Diamond,44,US,87,47.31,-122.0,43.0,8.86
481,Corrales,0,US,48,35.24,-106.61,46.99,5.01
482,Along,0,IN,55,28.17,94.77,73.06,0.38
483,Aitape,95,PG,78,-3.14,142.35,81.27,3.42
484,Port Lincoln,0,AU,59,-34.73,135.87,66.0,14.14
485,La Ronge,100,CA,85,55.1,-105.28,10.4,2.24
486,Kaihua,0,CN,53,23.37,104.28,59.4,3.65
487,Umluj,0,SA,50,25.02,37.27,84.29,13.47
488,Tomatlán,97,MX,94,19.93,-105.25,69.1,2.06
489,Bereket,0,TM,44,39.24,55.52,51.1,5.01
490,Okhotsk,0,RU,91,59.38,143.3,10.17,10.38
491,Srednebelaya,0,RU,55,50.66,128.01,33.8,8.95
492,Worland,1,US,68,44.02,-107.96,26.6,11.41
493,Sabzawār,20,IR,32,36.21,57.68,55.4,4.41
494,Xique-Xique,31,BR,68,-10.82,-42.73,77.18,16.87
495,San Isidro,90,PE,82,-12.12,-77.05,64.4,8.05
496,Lillesand,20,NO,100,58.25,8.38,37.4,3.36
497,Uzhur,99,RU,92,55.3,89.83,20.35,3.29
498,Tatishchevo,99,RU,68,51.67,45.6,35.01,1.99
499,Baykit,78,RU,91,61.67,96.37,7.86,3.22
500,Ouésso,15,CG,45,1.61,16.05,93.88,1.3
501,Sovetskaya,67,RU,88,44.78,41.17,32.4,2.01
502,Havre-St-Pierre,90,CA,90,50.23,-63.6,32.0,6.93
503,Faanui,88,PF,78,-16.48,-151.75,79.12,9.66
504,Chapais,90,CA,86,49.78,-74.85,30.2,11.41
505,Terney,1,RU,79,45.05,136.61,36.01,7.34
506,Datong,76,CN,49,40.09,113.29,49.69,3.96
507,Aklavik,40,CA,84,68.22,-135.01,-0.4,2.24
508,Krasnyy Luch,51,UA,60,48.14,38.94,42.84,8.21
509,Terra Santa,68,BR,93,-2.1,-56.49,75.7,2.33
510,Souillac,75,MU,94,-20.52,57.52,75.2,4.7
511,Boa Vista,75,BR,88,2.82,-60.67,77.0,3.36
512,Charter Township of Clinton,1,US,86,42.59,-82.92,26.6,3.18
513,Tokur,100,RU,95,53.13,132.9,17.85,3.76
514,Ekibastuz,100,KZ,80,51.67,75.37,28.83,9.82
515,Cairns,46,AU,74,-16.92,145.77,80.01,2.24
516,Privolzhskiy,95,RU,68,51.4,46.03,35.76,1.99
517,Warwick,1,US,93,41.7,-71.42,42.01,8.05
518,Qui Nhon,100,VN,85,13.77,109.23,79.07,9.64
519,Lehututu,69,BW,26,-23.97,21.87,87.93,7.92
520,Carutapera,100,BR,78,-1.2,-46.02,80.42,6.58
521,Kouango,69,CF,50,4.99,19.96,89.74,3.18
522,Santa Rosa,40,PH,74,14.31,121.11,86.0,10.29
523,Gävle,100,SE,91,60.67,17.14,45.0,11.01
524,Sturgis,1,US,92,41.8,-85.42,24.8,5.79
525,Vilhena,82,BR,84,-12.74,-60.15,68.45,1.99
526,Domoni,100,KM,73,-12.26,44.53,81.48,7.96
527,Suez,0,EG,47,29.97,32.53,78.12,11.74
528,Pinega,100,RU,91,64.7,43.39,34.05,5.03
529,Bolshaya Martynovka,18,RU,92,47.27,41.67,32.88,1.12
530,Balaguer,40,ES,87,41.79,0.81,53.6,3.36
531,Sūlam,20,IL,34,32.61,35.33,80.01,10.29
532,Kiama,8,AU,86,-34.68,150.87,66.0,7.0
533,Bayir,0,TR,42,37.27,28.22,66.2,4.7
534,Hwange,0,ZW,31,-18.37,26.5,92.44,7.16
535,Longhua,100,CN,68,23.61,114.19,67.68,2.77
536,Comodoro Rivadavia,20,AR,50,-45.87,-67.5,51.8,19.46
537,San Cristobal,88,VE,89,7.77,-72.22,65.95,1.59
538,Helong,52,CN,64,42.54,129.0,37.94,3.98
539,Erdemli,22,TR,32,36.6,34.31,71.19,6.53
540,Glenwood Springs,90,US,92,39.55,-107.32,35.01,19.46
541,Farsund,86,NO,83,58.09,6.8,51.01,12.46
542,Shenkursk,100,RU,94,62.11,42.9,33.82,3.49
543,Patacamaya,0,BO,58,-17.23,-67.92,43.75,2.08
544,Faya,20,SA,27,18.39,42.45,75.2,8.05
545,Catu,40,BR,83,-12.35,-38.38,78.8,4.7
546,Alugan,88,PH,85,12.22,125.48,82.09,8.37
547,Chardara,44,KZ,51,41.25,67.97,44.29,8.66
548,Wuwei,0,CN,54,37.93,102.64,47.86,4.07
549,Jalu,1,LY,43,29.03,21.55,74.55,5.59
550,Andenes,46,NO,75,69.31,16.12,43.0,12.75
551,Divnomorskoye,97,RU,50,44.5,38.14,57.0,4.76
552,Auki,38,SB,83,-8.77,160.7,79.48,3.62
553,Nouakchott,0,MR,27,18.09,-15.98,78.8,5.82
554,Burgos,20,ES,81,42.34,-3.71,50.0,10.29
555,Bom Jesus da Lapa,99,BR,65,-13.26,-43.42,76.68,1.39
556,Beringovskiy,100,RU,90,63.05,179.32,14.34,13.98
557,Chapecó,0,BR,68,-27.1,-52.62,68.0,6.93
558,Pisco,90,PE,88,-13.7,-76.22,63.0,2.24
559,Qaqortoq,33,GL,61,60.72,-46.03,14.0,4.7
560,Ketchikan,90,US,100,55.34,-131.65,39.2,3.36
561,Palu,100,ID,78,-0.89,119.87,79.32,1.5
